edad,estado_civil,escolaridad,default,saldo,prestatario,ultimo_contacto,ct_contactos,adherencia_inversion
45,casado (a),superior,no,242,no,587,1,si
42,casado (a),secundaria,no,1289,no,250,4,si
23,soltero (a),superior,no,363,no,16,18,no
58,divorciado (a),superior,no,1382,no,700,1,si
50,casado (a),secundaria,no,3357,no,239,4,si
24,soltero (a),secundaria,no,174,si,487,1,si
53,casado (a),superior,no,4446,no,429,1,no
30,casado (a),secundaria,no,946,no,1065,1,no
39,casado (a),primaria,no,879,no,102,2,no
30,divorciado (a),secundaria,no,-94,no,41,2,no
34,soltero (a),superior,no,5086,no,213,4,si
39,casado (a),primaria,no,7685,no,493,3,no
33,casado (a),secundaria,no,139,si,732,2,si
34,casado (a),superior,no,1116,no,53,5,no
38,soltero (a),superior,no,0,no,71,1,no
33,divorciado (a),secundaria,no,2411,no,130,1,si
48,casado (a),primaria,no,559,no,1231,2,no
39,casado (a),secundaria,no,0,no,793,2,no
53,casado (a),secundaria,no,70,no,611,2,no
80,casado (a),secundaria,no,8304,no,712,1,si
38,divorciado (a),secundaria,no,157,no,299,5,no
24,soltero (a),secundaria,no,-46,no,23,1,no
44,casado (a),secundaria,no,10888,no,163,1,no
46,divorciado (a),superior,no,624,no,336,2,si
53,casado (a),secundaria,no,719,no,230,1,no
30,casado (a),superior,no,102,no,470,7,si
41,casado (a),primaria,no,7735,no,220,1,no
47,soltero (a),superior,no,4402,no,805,1,si
30,soltero (a),secundaria,no,2145,no,727,2,si
47,casado (a),secundaria,no,1167,no,968,1,si
32,soltero (a),secundaria,no,118,no,1275,1,si
27,casado (a),secundaria,no,-247,si,344,2,no
58,soltero (a),secundaria,no,1640,si,72,6,no
51,casado (a),secundaria,no,2662,no,148,2,no
47,casado (a),secundaria,no,2246,no,330,1,no
34,casado (a),secundaria,no,475,no,559,1,no
40,casado (a),superior,no,1584,no,661,1,no
44,divorciado (a),secundaria,no,0,no,264,5,no
55,divorciado (a),secundaria,si,-404,no,502,3,no
71,casado (a),superior,no,14220,no,397,1,si
38,casado (a),primaria,no,168,si,212,3,no
38,casado (a),superior,no,12877,no,118,3,no
54,casado (a),superior,no,98,no,420,4,no
43,casado (a),superior,no,13342,no,465,1,no
31,casado (a),superior,no,8312,no,43,13,no
36,divorciado (a),superior,no,119,no,127,8,no
31,casado (a),superior,no,156,no,657,7,si
33,casado (a),superior,no,3696,no,305,1,no
30,casado (a),secundaria,no,-393,si,435,1,si
38,casado (a),secundaria,no,497,si,88,5,no
52,casado (a),secundaria,no,335,no,411,1,si
57,casado (a),superior,no,27069,si,174,3,no
31,soltero (a),secundaria,no,40,no,123,2,no
51,casado (a),secundaria,no,117,no,467,2,si
34,casado (a),secundaria,no,1337,no,330,2,si
59,casado (a),secundaria,no,259,no,415,1,si
34,casado (a),secundaria,no,1831,no,203,2,no
35,casado (a),superior,no,1265,no,326,5,si
29,soltero (a),primaria,no,950,no,135,3,no
38,divorciado (a),superior,no,1513,no,330,1,no
41,soltero (a),secundaria,no,1680,no,76,2,no
34,casado (a),secundaria,no,61,si,21,1,no
37,casado (a),superior,no,0,no,129,4,no
50,casado (a),secundaria,no,579,no,83,4,no
55,casado (a),primaria,no,2275,no,139,9,no
45,divorciado (a),primaria,no,0,no,211,2,no
35,casado (a),superior,no,8,no,55,4,no
49,casado (a),superior,no,87,no,165,1,no
36,casado (a),secundaria,no,3064,no,240,3,no
22,soltero (a),superior,no,691,no,338,1,si
41,casado (a),superior,no,771,no,106,8,no
48,casado (a),secundaria,no,340,no,255,2,no
49,casado (a),primaria,no,1032,no,41,5,no
55,casado (a),secundaria,no,1467,si,277,2,no
28,soltero (a),superior,no,0,no,767,5,si
34,soltero (a),superior,no,84,no,231,1,no
60,divorciado (a),superior,no,366,no,593,1,si
43,divorciado (a),superior,no,388,no,2087,2,si
57,casado (a),superior,no,320,no,76,2,no
38,casado (a),secundaria,no,-673,no,364,1,no
35,soltero (a),superior,no,470,no,743,13,si
54,divorciado (a),superior,no,2171,si,1034,1,si
40,casado (a),superior,no,-495,si,303,2,no
45,soltero (a),secundaria,no,0,no,768,2,no
61,casado (a),secundaria,no,313,si,42,1,no
57,casado (a),primaria,si,195,si,185,4,no
32,soltero (a),secundaria,no,230,no,442,1,si
49,soltero (a),superior,no,151,no,97,3,si
43,soltero (a),superior,no,1696,no,257,1,si
20,soltero (a),secundaria,no,502,no,261,1,si
49,soltero (a),primaria,no,2146,no,1516,2,si
76,casado (a),primaria,no,2590,no,68,12,no
48,casado (a),secundaria,no,480,no,830,1,si
49,casado (a),secundaria,no,687,no,772,1,si
49,casado (a),superior,no,3726,no,875,2,si
33,divorciado (a),secundaria,no,106,no,175,3,no
32,soltero (a),superior,no,1100,si,67,1,no
34,casado (a),secundaria,no,-228,no,187,3,no
37,casado (a),primaria,no,403,no,318,2,no
34,soltero (a),superior,no,415,no,123,1,no
31,casado (a),secundaria,no,1660,no,342,1,no
32,casado (a),superior,no,2431,no,646,5,si
38,casado (a),superior,no,3436,no,663,4,si
47,casado (a),secundaria,no,302,no,89,3,no
31,soltero (a),superior,no,3283,no,258,1,si
27,soltero (a),secundaria,no,213,no,378,1,si
31,casado (a),secundaria,no,0,si,79,3,no
35,soltero (a),secundaria,no,1810,no,65,2,no
32,casado (a),secundaria,no,1905,no,709,2,si
31,casado (a),superior,no,0,no,298,1,no
35,soltero (a),superior,no,62,si,67,1,no
40,casado (a),superior,no,194,si,189,2,no
38,casado (a),superior,no,2278,si,244,1,no
34,soltero (a),superior,no,18,si,359,1,si
49,casado (a),primaria,no,937,no,66,1,no
33,casado (a),secundaria,no,0,no,1448,7,si
40,soltero (a),superior,no,226,no,176,2,no
34,casado (a),secundaria,no,1553,no,200,2,no
50,casado (a),secundaria,no,0,no,86,4,no
34,casado (a),superior,no,606,no,97,1,si
32,casado (a),secundaria,si,-53,no,648,1,si
40,soltero (a),secundaria,no,10378,no,523,3,no
43,casado (a),primaria,no,8167,no,114,2,no
68,divorciado (a),secundaria,no,4189,no,897,2,si
60,casado (a),primaria,no,65,no,1028,2,si
39,soltero (a),secundaria,no,102,no,272,2,no
45,casado (a),primaria,no,180,si,62,2,no
32,soltero (a),secundaria,no,678,no,1579,1,si
26,casado (a),secundaria,no,-759,no,191,1,no
21,soltero (a),secundaria,no,2488,no,258,6,si
42,casado (a),superior,no,0,no,118,6,no
33,casado (a),secundaria,no,3935,no,765,1,si
39,casado (a),superior,no,1047,no,554,1,si
33,casado (a),secundaria,no,3470,no,285,2,no
75,casado (a),secundaria,no,6053,no,865,2,no
30,casado (a),superior,no,0,no,209,2,no
54,casado (a),secundaria,no,2206,no,104,1,si
42,casado (a),superior,no,372,no,654,2,si
32,casado (a),secundaria,no,950,si,219,4,no
45,soltero (a),superior,no,2048,no,310,1,si
31,casado (a),superior,no,4148,no,316,3,si
83,divorciado (a),primaria,no,1097,no,181,1,si
34,casado (a),secundaria,no,247,no,401,2,si
47,divorciado (a),primaria,no,126,no,2456,2,si
59,casado (a),secundaria,no,204,no,286,2,no
48,casado (a),superior,no,1167,si,264,1,si
29,soltero (a),superior,no,1445,no,328,2,si
33,casado (a),secundaria,no,478,no,475,2,si
31,casado (a),superior,no,325,no,1139,2,si
58,divorciado (a),secundaria,no,462,no,495,1,si
38,casado (a),primaria,no,-363,no,340,2,no
52,casado (a),secundaria,no,-888,no,135,1,no
36,casado (a),secundaria,no,-461,no,254,2,no
50,divorciado (a),superior,no,201,no,248,1,no
27,casado (a),secundaria,no,7,no,98,2,no
37,divorciado (a),secundaria,no,0,no,146,4,si
45,casado (a),secundaria,no,827,no,319,5,no
40,casado (a),secundaria,no,0,no,297,1,no
48,casado (a),secundaria,no,302,no,208,3,no
36,soltero (a),superior,no,678,si,85,3,no
49,casado (a),secundaria,no,2201,no,233,3,no
36,casado (a),secundaria,no,63,no,56,8,no
39,casado (a),secundaria,no,1439,no,73,6,no
28,soltero (a),secundaria,no,198,no,128,2,si
33,casado (a),superior,no,641,no,347,2,no
30,casado (a),secundaria,no,1743,no,192,4,no
32,casado (a),secundaria,no,4,no,145,2,no
49,casado (a),secundaria,no,2039,no,451,1,si
57,casado (a),secundaria,no,1044,no,585,1,si
34,casado (a),superior,no,3050,no,469,1,si
29,casado (a),superior,no,451,no,451,1,no
36,casado (a),secundaria,no,465,no,160,1,no
41,casado (a),secundaria,no,77,no,56,1,no
38,casado (a),superior,no,432,no,10,2,no
36,casado (a),secundaria,no,2394,no,184,2,no
30,soltero (a),superior,no,305,no,633,1,si
78,divorciado (a),primaria,no,229,no,97,1,si
42,casado (a),secundaria,no,-921,no,115,2,no
30,soltero (a),superior,no,2,no,102,1,no
29,soltero (a),secundaria,no,-20,si,574,1,si
31,soltero (a),secundaria,no,1086,no,410,1,no
59,casado (a),secundaria,no,2308,no,815,1,si
30,soltero (a),secundaria,no,3107,no,1516,2,no
48,casado (a),superior,no,1147,no,389,1,si
49,casado (a),primaria,no,889,no,388,1,si
27,soltero (a),primaria,no,1209,no,283,1,no
37,soltero (a),superior,si,0,no,108,1,no
75,divorciado (a),superior,no,3810,no,262,1,si
46,divorciado (a),secundaria,no,-90,si,270,1,si
34,casado (a),secundaria,no,1897,si,441,1,no
59,casado (a),secundaria,no,92,no,139,2,no
79,casado (a),primaria,no,8556,no,326,2,si
28,soltero (a),superior,no,442,no,474,3,si
35,casado (a),secundaria,si,0,si,105,3,no
42,casado (a),secundaria,no,292,no,222,3,no
28,casado (a),secundaria,no,225,si,866,2,no
55,casado (a),primaria,no,298,no,144,3,no
43,casado (a),secundaria,no,2160,no,261,1,si
50,casado (a),secundaria,no,7317,no,172,1,no
33,casado (a),superior,no,640,no,318,1,no
26,soltero (a),secundaria,no,255,no,457,1,si
66,casado (a),primaria,no,206,no,479,1,si
32,casado (a),secundaria,no,1005,no,215,1,no
53,divorciado (a),secundaria,no,751,no,343,4,no
60,casado (a),secundaria,no,-396,no,443,1,no
61,casado (a),secundaria,no,985,no,998,6,si
72,casado (a),primaria,no,763,no,384,2,si
34,casado (a),superior,no,436,no,28,1,no
53,casado (a),secundaria,no,1796,no,295,1,si
54,casado (a),secundaria,no,653,no,352,1,no
58,casado (a),primaria,no,565,no,876,1,si
42,casado (a),secundaria,no,508,no,70,1,no
52,divorciado (a),primaria,no,-191,no,755,1,si
36,casado (a),superior,no,6,no,246,1,no
33,soltero (a),primaria,no,92,no,127,1,no
67,casado (a),secundaria,no,16353,no,223,2,no
62,divorciado (a),superior,no,6,no,216,1,si
34,soltero (a),secundaria,no,4943,si,117,2,no
70,casado (a),secundaria,no,2815,no,125,2,no
37,casado (a),superior,no,238,no,185,1,si
35,casado (a),secundaria,no,1067,si,179,6,no
55,divorciado (a),secundaria,no,3450,no,169,1,si
33,casado (a),superior,no,79,no,249,2,si
34,casado (a),secundaria,no,470,si,217,1,no
61,casado (a),secundaria,no,5207,no,336,1,no
47,casado (a),secundaria,no,0,no,676,1,no
35,casado (a),secundaria,no,152,no,563,1,si
40,casado (a),secundaria,no,1451,no,314,1,si
25,soltero (a),superior,no,760,no,223,3,si
40,casado (a),secundaria,no,260,no,52,1,no
28,soltero (a),superior,no,-328,no,318,2,no
33,casado (a),secundaria,no,0,si,83,12,no
52,casado (a),secundaria,no,431,no,73,17,no
49,casado (a),secundaria,no,3608,no,231,1,si
43,casado (a),primaria,no,2567,no,109,1,no
37,casado (a),superior,no,1315,no,224,1,si
74,casado (a),secundaria,no,921,no,394,2,si
30,soltero (a),secundaria,no,4,no,443,2,no
59,divorciado (a),secundaria,no,879,no,228,1,no
35,soltero (a),secundaria,no,0,no,1073,1,si
33,soltero (a),superior,no,3143,no,421,2,si
39,casado (a),superior,no,691,si,517,1,no
32,soltero (a),superior,no,2185,no,354,2,no
42,divorciado (a),superior,no,7190,no,375,2,no
57,casado (a),secundaria,no,1469,no,364,1,no
33,soltero (a),secundaria,no,22,no,76,2,no
37,casado (a),secundaria,no,1053,no,405,3,no
44,soltero (a),superior,no,900,no,322,2,no
45,soltero (a),primaria,no,999,no,182,2,no
41,casado (a),superior,no,-29,no,41,2,no
26,soltero (a),primaria,no,3342,no,329,4,no
51,divorciado (a),secundaria,no,1069,no,247,2,no
46,divorciado (a),secundaria,no,7378,no,466,1,no
45,casado (a),secundaria,no,128,si,275,2,no
46,soltero (a),secundaria,no,834,no,196,2,no
41,casado (a),primaria,no,8,no,155,2,no
29,soltero (a),secundaria,no,103,no,314,1,no
39,soltero (a),secundaria,no,7066,no,667,3,si
41,soltero (a),secundaria,no,231,no,76,2,no
59,casado (a),primaria,no,748,no,184,1,no
47,casado (a),secundaria,no,405,si,994,2,si
34,casado (a),secundaria,no,2374,no,161,1,si
34,casado (a),superior,no,1657,no,566,2,no
51,divorciado (a),secundaria,no,1679,no,417,1,si
30,casado (a),primaria,no,1317,no,395,2,no
42,soltero (a),primaria,no,1322,si,178,1,no
46,casado (a),secundaria,no,548,no,1181,4,si
36,soltero (a),superior,no,2944,no,882,8,si
43,casado (a),secundaria,no,3285,no,1721,2,si
61,casado (a),secundaria,no,4608,no,212,1,si
31,soltero (a),secundaria,no,2544,no,252,1,si
33,casado (a),superior,no,263,no,119,2,no
55,divorciado (a),secundaria,no,1613,no,296,1,si
30,soltero (a),secundaria,si,4,no,84,3,no
39,casado (a),primaria,no,1506,no,299,2,no
30,soltero (a),superior,no,302,no,528,3,si
49,casado (a),secundaria,no,-454,no,558,1,si
32,soltero (a),secundaria,no,811,no,563,1,si
36,casado (a),superior,no,1133,no,293,1,si
59,casado (a),secundaria,no,5314,no,200,3,no
39,casado (a),secundaria,no,260,no,146,1,no
34,soltero (a),secundaria,no,215,no,350,3,si
33,casado (a),superior,no,150,no,151,2,no
42,divorciado (a),secundaria,no,1811,no,150,1,no
52,soltero (a),primaria,no,217,si,193,6,no
33,soltero (a),superior,no,1240,no,505,2,no
36,casado (a),superior,no,1109,no,328,2,no
49,casado (a),superior,no,523,no,152,2,si
40,casado (a),secundaria,no,1012,no,410,1,no
45,divorciado (a),superior,no,220,no,89,4,no
60,casado (a),secundaria,no,89,no,156,2,no
36,soltero (a),secundaria,no,1482,no,177,2,no
38,soltero (a),secundaria,no,2543,no,223,1,si
53,casado (a),primaria,no,2581,no,99,1,no
34,soltero (a),secundaria,no,475,no,538,8,no
49,divorciado (a),primaria,no,198,no,205,3,no
43,casado (a),secundaria,no,17555,no,14,14,no
46,soltero (a),superior,no,334,no,36,6,no
39,soltero (a),superior,no,0,no,561,4,no
45,soltero (a),secundaria,no,410,no,891,4,si
53,casado (a),secundaria,no,25,no,528,2,si
41,casado (a),secundaria,no,4900,no,121,2,no
44,casado (a),secundaria,no,304,no,129,2,no
41,casado (a),superior,no,171,no,209,1,no
27,soltero (a),secundaria,no,619,no,16,5,no
52,casado (a),superior,no,-970,no,489,1,si
31,casado (a),superior,no,2395,no,218,1,no
43,casado (a),secundaria,no,132,no,574,1,si
25,soltero (a),secundaria,no,913,no,113,4,no
32,divorciado (a),superior,no,267,no,128,1,no
56,divorciado (a),superior,no,2959,no,325,1,no
30,casado (a),secundaria,no,975,no,256,2,no
61,casado (a),superior,no,997,no,106,1,si
29,casado (a),secundaria,no,0,no,83,6,no
31,soltero (a),superior,no,1494,no,275,12,no
37,casado (a),superior,no,1698,no,95,2,no
31,soltero (a),primaria,no,26965,no,654,2,si
58,casado (a),primaria,no,781,no,74,2,no
59,divorciado (a),secundaria,no,1026,no,669,1,si
30,soltero (a),superior,no,201,no,325,2,si
35,soltero (a),secundaria,no,0,no,1174,1,si
57,casado (a),secundaria,no,158,no,73,1,no
33,soltero (a),superior,no,316,no,126,3,no
38,soltero (a),secundaria,no,2253,no,937,3,si
51,divorciado (a),secundaria,no,2323,si,151,10,no
42,divorciado (a),secundaria,no,2974,no,187,5,no
54,casado (a),primaria,no,541,no,237,3,no
28,soltero (a),primaria,no,0,si,380,4,no
35,casado (a),secundaria,no,13658,no,220,2,no
46,casado (a),secundaria,no,451,si,389,4,no
26,soltero (a),secundaria,no,209,no,319,2,no
59,casado (a),primaria,no,0,no,3025,2,no
53,casado (a),primaria,no,104,si,701,1,si
47,soltero (a),secundaria,no,3696,no,250,2,si
50,divorciado (a),secundaria,no,1111,no,50,1,no
36,soltero (a),secundaria,no,1855,no,75,1,no
52,casado (a),superior,no,54,si,103,1,no
32,casado (a),superior,no,3939,no,209,2,no
22,soltero (a),secundaria,no,2488,no,449,2,si
53,casado (a),primaria,no,4143,no,200,3,no
52,casado (a),secundaria,no,196,si,116,1,no
41,casado (a),secundaria,no,8238,si,124,4,no
40,casado (a),secundaria,no,1100,no,660,2,no
34,casado (a),superior,no,899,no,377,3,no
35,soltero (a),superior,no,2658,no,768,2,si
49,casado (a),primaria,no,365,no,59,2,no
34,soltero (a),superior,no,171,no,191,1,no
27,soltero (a),secundaria,no,-195,no,391,1,si
63,casado (a),secundaria,no,3904,no,250,2,si
28,soltero (a),superior,no,1562,no,659,4,si
28,soltero (a),superior,no,0,no,479,1,no
32,soltero (a),secundaria,no,0,no,181,2,no
34,soltero (a),superior,no,-292,no,181,6,no
47,divorciado (a),secundaria,no,225,no,1126,4,si
36,soltero (a),superior,no,442,si,102,3,no
56,divorciado (a),superior,no,442,no,77,3,no
27,casado (a),secundaria,no,897,no,397,1,si
42,soltero (a),secundaria,no,30,no,98,1,no
29,casado (a),secundaria,no,228,no,12,8,no
29,casado (a),superior,no,199,si,1689,4,si
46,casado (a),secundaria,no,668,no,1263,2,si
45,divorciado (a),primaria,no,757,no,103,1,no
37,casado (a),superior,no,489,no,205,5,no
46,casado (a),secundaria,no,390,no,208,2,no
40,casado (a),secundaria,no,61,no,112,3,no
44,divorciado (a),secundaria,no,14,no,167,1,si
42,soltero (a),primaria,no,1628,no,119,1,no
32,casado (a),secundaria,no,2089,no,132,1,si
38,soltero (a),secundaria,no,-242,no,1173,3,si
71,casado (a),primaria,no,4657,no,93,5,si
34,casado (a),secundaria,no,250,no,193,6,no
55,soltero (a),primaria,no,1187,no,193,2,no
73,casado (a),primaria,no,796,no,427,1,si
33,soltero (a),superior,no,2155,no,295,1,no
41,soltero (a),superior,no,1646,no,261,1,si
51,casado (a),secundaria,no,143,no,627,1,no
42,divorciado (a),secundaria,no,1533,si,86,1,no
30,soltero (a),secundaria,no,178,no,747,5,no
50,casado (a),secundaria,no,732,no,736,7,no
41,casado (a),secundaria,no,552,no,463,1,no
32,casado (a),secundaria,no,1148,no,121,1,no
38,casado (a),superior,no,1988,no,164,2,si
25,soltero (a),secundaria,no,331,no,170,4,si
46,casado (a),superior,no,273,no,910,2,si
77,casado (a),superior,no,0,no,847,1,si
30,soltero (a),superior,no,2,si,1031,8,si
32,soltero (a),secundaria,no,6402,no,158,1,no
48,casado (a),secundaria,no,817,no,517,1,si
53,soltero (a),secundaria,no,5715,no,287,2,no
36,casado (a),secundaria,no,1409,no,235,2,no
33,divorciado (a),secundaria,no,474,no,400,2,no
33,divorciado (a),secundaria,no,0,no,224,8,no
58,casado (a),secundaria,no,502,no,197,2,no
25,soltero (a),secundaria,no,8,no,107,2,si
49,casado (a),secundaria,no,1568,no,206,6,no
43,casado (a),superior,no,422,no,110,1,no
32,soltero (a),superior,no,311,no,757,2,si
80,casado (a),primaria,no,6483,no,123,1,no
55,casado (a),primaria,no,229,si,175,3,no
30,casado (a),superior,no,0,no,127,1,no
53,casado (a),secundaria,no,94,no,493,1,si
51,soltero (a),superior,no,297,no,415,4,si
37,casado (a),superior,no,5106,no,244,1,si
28,soltero (a),secundaria,no,227,no,278,1,si
49,divorciado (a),superior,no,755,no,1212,4,si
27,casado (a),secundaria,no,2171,no,130,1,no
36,soltero (a),secundaria,no,0,no,85,6,no
35,soltero (a),superior,no,71,no,836,12,no
19,soltero (a),secundaria,no,302,no,205,1,si
36,casado (a),secundaria,no,146,si,284,2,no
50,soltero (a),superior,no,1200,no,904,3,si
41,soltero (a),secundaria,si,-386,si,477,1,si
32,casado (a),primaria,no,795,no,131,3,no
39,casado (a),superior,no,894,no,491,1,no
50,casado (a),primaria,no,395,no,419,2,no
36,casado (a),superior,no,0,no,60,1,no
80,casado (a),primaria,no,0,no,639,1,si
52,casado (a),secundaria,no,195,no,220,1,si
52,casado (a),secundaria,no,-9,no,123,1,no
37,divorciado (a),superior,no,168,no,227,1,no
47,casado (a),primaria,no,2642,no,310,2,no
39,casado (a),secundaria,no,285,si,209,1,no
31,casado (a),superior,no,636,no,352,4,si
41,divorciado (a),secundaria,no,174,no,367,2,no
23,soltero (a),primaria,no,8627,no,169,1,no
46,casado (a),secundaria,no,22,no,388,6,si
28,soltero (a),secundaria,no,171,no,93,1,si
36,soltero (a),superior,no,1531,no,81,3,no
58,casado (a),secundaria,no,14412,no,297,1,no
52,casado (a),secundaria,no,108,no,543,12,no
41,casado (a),primaria,no,39,no,549,2,si
27,casado (a),superior,no,802,no,569,1,si
46,casado (a),secundaria,no,368,no,293,1,si
44,casado (a),secundaria,no,205,no,289,1,si
41,casado (a),secundaria,si,720,si,651,1,si
23,soltero (a),primaria,no,8627,no,281,1,no
28,soltero (a),superior,no,4579,no,409,2,si
34,soltero (a),superior,no,586,no,489,2,no
47,casado (a),secundaria,no,1121,no,454,6,no
44,soltero (a),secundaria,no,244,no,1735,4,si
50,casado (a),superior,no,52,no,22,8,no
38,casado (a),secundaria,no,3732,no,379,2,no
31,casado (a),secundaria,no,24,no,631,1,no
40,soltero (a),secundaria,no,-1,no,173,1,no
40,casado (a),secundaria,no,93,no,134,2,no
48,soltero (a),superior,no,-551,no,168,2,no
39,divorciado (a),secundaria,no,1022,no,20,3,no
34,soltero (a),secundaria,no,943,no,96,4,no
41,casado (a),primaria,no,204,no,111,7,no
57,casado (a),superior,no,0,si,648,1,si
55,casado (a),superior,no,979,si,123,1,no
43,casado (a),superior,no,1429,no,1015,1,si
59,casado (a),secundaria,no,9976,no,57,2,no
40,divorciado (a),superior,no,502,no,267,4,no
30,casado (a),superior,no,1942,si,436,2,si
28,casado (a),secundaria,no,655,no,606,2,no
36,casado (a),secundaria,no,80,no,251,3,no
41,casado (a),superior,no,72,no,764,3,no
27,soltero (a),superior,no,1,no,65,2,no
33,soltero (a),superior,no,23,no,216,3,no
37,soltero (a),secundaria,no,-242,no,1149,6,si
47,divorciado (a),superior,no,2515,no,40,3,no
44,casado (a),superior,no,22,no,265,2,no
31,casado (a),secundaria,no,-230,si,715,1,no
36,casado (a),superior,no,495,no,157,3,si
58,casado (a),primaria,no,1013,no,206,1,si
54,divorciado (a),superior,no,0,no,618,1,si
28,soltero (a),secundaria,no,459,no,83,13,no
32,casado (a),secundaria,no,38,no,744,1,si
34,casado (a),secundaria,no,103,si,956,2,no
31,soltero (a),secundaria,no,775,no,361,1,no
31,soltero (a),secundaria,no,203,si,177,1,no
44,casado (a),secundaria,no,2776,no,701,1,si
34,soltero (a),secundaria,no,1386,si,185,6,no
24,soltero (a),secundaria,no,822,no,184,1,si
55,casado (a),superior,no,-375,no,814,2,si
33,casado (a),secundaria,no,-163,si,502,2,no
53,divorciado (a),secundaria,no,765,no,959,3,si
35,casado (a),superior,no,7050,no,222,3,si
34,casado (a),superior,no,197,no,78,3,si
37,casado (a),secundaria,no,430,no,154,4,no
31,soltero (a),primaria,no,406,no,736,1,si
58,casado (a),primaria,no,435,no,122,6,no
37,soltero (a),primaria,no,851,no,151,1,no
32,soltero (a),secundaria,no,2881,no,356,1,si
28,soltero (a),secundaria,no,389,no,15,7,no
59,divorciado (a),secundaria,no,5845,no,1060,2,si
33,casado (a),secundaria,no,386,no,253,1,si
34,casado (a),secundaria,no,5320,no,114,6,no
34,casado (a),superior,no,180,no,298,3,no
25,soltero (a),secundaria,no,1790,no,224,1,no
30,casado (a),superior,no,944,no,251,2,si
35,divorciado (a),superior,no,321,no,189,1,no
39,casado (a),secundaria,no,1045,si,290,13,no
46,casado (a),secundaria,no,70,no,229,2,si
52,casado (a),secundaria,no,657,no,398,2,si
45,divorciado (a),primaria,no,844,no,1018,3,si
58,casado (a),secundaria,no,111,no,58,2,no
26,divorciado (a),superior,si,-402,si,127,2,no
32,soltero (a),superior,no,1831,no,86,2,no
55,divorciado (a),primaria,no,976,no,345,1,si
31,soltero (a),secundaria,si,25,no,381,1,no
31,soltero (a),secundaria,no,4888,no,475,4,no
45,casado (a),secundaria,no,315,no,103,1,no
37,casado (a),secundaria,no,4153,no,35,16,no
83,casado (a),secundaria,no,0,no,140,10,no
51,casado (a),secundaria,no,1840,no,312,3,no
52,casado (a),secundaria,no,1117,no,365,1,no
32,soltero (a),superior,no,0,no,550,4,si
33,soltero (a),superior,no,61,no,836,3,si
29,soltero (a),superior,no,828,no,215,3,no
30,soltero (a),secundaria,no,102,no,614,2,no
35,soltero (a),superior,no,633,no,128,3,no
56,casado (a),secundaria,no,-1206,no,382,2,si
30,casado (a),primaria,no,1787,no,79,1,no
34,soltero (a),superior,no,462,no,1877,3,si
26,soltero (a),secundaria,no,-32,si,14,6,no
43,soltero (a),secundaria,no,3403,no,707,2,si
45,casado (a),secundaria,no,295,no,92,1,no
41,casado (a),secundaria,no,-217,no,313,1,no
22,soltero (a),secundaria,no,333,si,129,1,no
41,soltero (a),secundaria,no,879,si,60,4,no
32,casado (a),primaria,no,228,no,1017,6,si
41,casado (a),primaria,no,5310,no,984,1,si
42,casado (a),secundaria,no,4945,no,311,2,si
33,soltero (a),superior,no,0,no,236,10,no
41,casado (a),secundaria,no,-256,no,147,2,no
34,divorciado (a),secundaria,no,44,no,118,1,no
53,casado (a),primaria,no,306,no,388,3,si
33,divorciado (a),secundaria,si,10,si,167,5,no
29,soltero (a),superior,no,14,no,87,1,no
49,casado (a),primaria,no,305,si,834,10,no
51,casado (a),superior,no,-3,no,91,9,no
40,casado (a),secundaria,no,51,no,50,1,no
54,casado (a),superior,no,8295,no,207,1,si
23,soltero (a),primaria,no,4,no,395,2,si
32,soltero (a),secundaria,no,620,no,1234,3,si
42,casado (a),superior,no,12223,no,36,1,no
75,divorciado (a),secundaria,no,1341,no,415,7,si
31,soltero (a),superior,no,614,no,72,4,no
37,soltero (a),secundaria,no,2442,no,91,3,si
31,soltero (a),secundaria,no,360,no,592,4,no
31,casado (a),superior,no,22546,no,8,6,no
39,divorciado (a),secundaria,no,902,no,691,2,si
36,casado (a),superior,no,3057,no,2769,4,si
46,soltero (a),superior,no,1410,no,93,1,no
36,soltero (a),secundaria,si,12,no,587,2,si
53,casado (a),secundaria,no,459,no,558,1,si
34,casado (a),superior,no,1611,no,490,2,no
35,divorciado (a),superior,no,1354,no,736,2,si
38,casado (a),secundaria,no,435,no,193,2,no
27,soltero (a),secundaria,no,671,no,332,2,no
56,casado (a),primaria,no,828,no,214,1,no
33,casado (a),secundaria,no,4902,no,110,1,no
32,soltero (a),superior,no,2,no,100,2,si
37,casado (a),primaria,no,3242,no,233,1,no
30,casado (a),secundaria,no,371,no,124,2,no
49,casado (a),superior,no,1235,no,354,3,si
77,casado (a),superior,no,7802,no,421,1,si
41,soltero (a),secundaria,no,75,no,479,9,si
42,casado (a),primaria,no,0,si,209,2,no
52,casado (a),secundaria,no,2347,si,603,3,no
49,casado (a),secundaria,no,0,si,71,7,no
47,casado (a),primaria,no,145,no,157,6,no
46,casado (a),primaria,no,2558,no,107,1,no
51,casado (a),secundaria,no,2237,no,619,1,no
45,casado (a),secundaria,no,5346,si,187,1,si
42,soltero (a),superior,no,525,no,127,2,no
59,casado (a),secundaria,no,2381,no,173,2,no
67,casado (a),superior,no,701,no,254,2,si
27,soltero (a),secundaria,no,842,no,273,1,no
46,divorciado (a),superior,no,1297,no,716,3,si
60,soltero (a),superior,no,0,si,151,1,no
38,casado (a),secundaria,no,279,no,110,5,no
28,soltero (a),secundaria,no,28,no,220,2,no
31,casado (a),primaria,no,355,si,61,6,no
38,casado (a),primaria,no,0,no,179,2,no
55,casado (a),primaria,no,284,si,252,4,no
58,casado (a),secundaria,no,116,no,580,3,no
53,divorciado (a),secundaria,no,4554,no,8,6,no
30,soltero (a),superior,no,6164,no,152,11,no
49,casado (a),secundaria,no,280,no,162,3,no
25,soltero (a),primaria,no,-221,no,250,1,no
48,casado (a),secundaria,no,4415,no,1032,3,si
46,casado (a),superior,no,-3,no,205,2,no
28,soltero (a),secundaria,si,-298,no,559,7,no
27,soltero (a),secundaria,no,158,no,650,2,si
49,casado (a),primaria,no,1019,no,285,5,no
54,casado (a),secundaria,no,0,no,161,1,si
43,casado (a),primaria,no,-93,no,402,2,no
56,casado (a),superior,no,21664,no,214,8,no
63,casado (a),secundaria,no,474,no,423,1,si
38,casado (a),primaria,no,290,no,283,1,no
27,casado (a),secundaria,no,0,no,1608,13,si
32,divorciado (a),superior,no,874,no,1282,6,si
33,divorciado (a),secundaria,no,1897,si,197,1,no
32,soltero (a),secundaria,no,604,si,95,3,no
48,casado (a),secundaria,no,568,no,378,2,si
27,casado (a),secundaria,no,186,no,136,2,no
29,soltero (a),secundaria,no,-194,no,127,1,no
27,soltero (a),superior,no,3733,no,198,1,si
59,casado (a),primaria,no,0,no,207,2,no
28,soltero (a),secundaria,no,56,no,66,1,no
33,casado (a),secundaria,no,133,no,218,1,si
49,casado (a),secundaria,no,197,no,223,1,si
32,casado (a),secundaria,no,401,no,294,2,no
41,casado (a),superior,no,231,no,352,2,si
44,casado (a),secundaria,no,27,no,485,1,no
35,divorciado (a),secundaria,no,3636,si,808,2,si
87,casado (a),primaria,no,230,no,144,1,si
63,casado (a),primaria,no,1084,no,201,1,no
51,casado (a),secundaria,no,-379,no,261,1,no
32,soltero (a),secundaria,no,152,no,158,2,si
53,casado (a),primaria,no,27,no,230,3,si
44,casado (a),superior,no,3463,si,210,3,no
31,casado (a),superior,no,1331,no,297,1,si
30,casado (a),superior,no,569,no,976,12,si
56,casado (a),primaria,no,3391,no,243,1,si
49,casado (a),primaria,no,3371,no,269,2,si
36,casado (a),primaria,no,1177,no,330,1,si
38,soltero (a),secundaria,no,578,no,112,2,no
28,soltero (a),superior,no,80,no,676,2,si
40,casado (a),secundaria,no,9374,no,7,8,no
36,casado (a),superior,no,9,no,386,4,si
33,casado (a),superior,no,1412,no,480,1,si
33,casado (a),secundaria,no,215,no,543,12,no
36,casado (a),secundaria,no,1746,no,99,1,no
35,soltero (a),secundaria,no,35,no,152,1,no
56,divorciado (a),secundaria,no,212,si,27,1,no
32,casado (a),secundaria,no,759,no,317,5,si
32,soltero (a),superior,no,705,no,20,4,no
35,casado (a),secundaria,no,786,si,322,1,no
57,casado (a),secundaria,no,0,si,104,2,no
31,casado (a),secundaria,no,500,no,19,18,no
44,soltero (a),secundaria,no,7138,no,809,2,si
39,soltero (a),superior,no,5803,no,83,3,no
57,casado (a),secundaria,no,295,no,151,11,no
49,casado (a),secundaria,no,320,no,1971,4,si
44,casado (a),secundaria,no,310,no,200,1,no
38,soltero (a),secundaria,no,258,si,587,2,no
60,casado (a),primaria,no,252,si,123,2,no
35,casado (a),secundaria,no,724,no,287,2,si
38,soltero (a),superior,no,0,no,39,2,no
61,casado (a),secundaria,no,1191,no,214,4,si
37,casado (a),superior,no,2685,no,187,2,no
34,casado (a),superior,no,902,no,159,1,no
49,casado (a),secundaria,no,1114,no,283,1,no
40,casado (a),superior,no,542,no,1816,1,no
36,casado (a),secundaria,no,4438,no,446,1,si
46,casado (a),primaria,no,2904,no,277,2,no
46,divorciado (a),secundaria,no,-824,no,429,3,si
42,soltero (a),secundaria,no,1080,si,951,3,si
47,casado (a),secundaria,no,1219,no,697,4,si
48,casado (a),superior,no,1808,no,245,1,si
29,soltero (a),secundaria,no,417,no,90,1,no
31,casado (a),secundaria,no,388,no,730,2,no
23,soltero (a),superior,no,736,no,119,1,no
48,casado (a),superior,no,-471,no,668,7,no
38,casado (a),secundaria,no,-278,no,143,2,no
33,casado (a),superior,no,75,no,204,4,no
60,casado (a),primaria,no,362,si,816,6,si
42,divorciado (a),superior,no,-166,no,85,4,no
46,divorciado (a),secundaria,no,2232,no,121,1,si
48,casado (a),secundaria,no,2294,no,251,11,no
48,casado (a),secundaria,no,1738,no,349,1,no
45,casado (a),primaria,no,7353,no,536,2,no
39,divorciado (a),secundaria,no,399,si,133,2,no
34,casado (a),secundaria,no,50,no,89,2,no
59,casado (a),primaria,no,46,no,78,2,no
40,soltero (a),secundaria,no,462,si,272,1,no
66,casado (a),superior,no,1948,no,216,1,si
55,divorciado (a),secundaria,no,538,no,353,2,si
31,casado (a),secundaria,no,191,no,40,1,no
33,soltero (a),superior,no,1410,no,8,1,no
57,casado (a),primaria,no,1238,no,274,1,no
58,divorciado (a),primaria,no,2538,no,307,6,no
30,soltero (a),superior,no,424,no,298,4,si
36,casado (a),superior,no,167,no,57,1,no
50,casado (a),secundaria,no,283,no,226,3,no
34,casado (a),secundaria,no,351,no,467,1,no
45,divorciado (a),secundaria,no,809,no,155,2,no
36,casado (a),superior,no,222,no,317,1,no
53,casado (a),secundaria,no,105,si,74,2,no
36,casado (a),superior,no,1327,no,174,2,no
34,casado (a),secundaria,no,0,no,154,1,si
28,soltero (a),secundaria,no,378,no,346,1,no
40,soltero (a),superior,no,0,no,228,2,si
30,soltero (a),superior,no,2186,no,366,1,no
33,casado (a),primaria,no,324,no,217,2,no
43,soltero (a),secundaria,no,34,no,29,1,no
40,soltero (a),secundaria,no,3,no,998,1,si
59,casado (a),primaria,no,0,no,493,2,si
38,casado (a),superior,no,126,no,164,2,no
32,casado (a),secundaria,no,736,no,700,3,no
50,casado (a),primaria,no,4108,no,526,2,si
30,soltero (a),primaria,no,79,no,317,1,no
45,casado (a),secundaria,no,68,no,254,1,no
30,soltero (a),superior,no,1372,no,240,2,no
53,casado (a),superior,no,71,si,86,1,no
43,casado (a),secundaria,no,520,no,15,13,no
49,casado (a),secundaria,no,171,no,19,3,no
39,casado (a),secundaria,no,607,no,454,2,si
37,casado (a),superior,no,5355,no,466,4,si
47,soltero (a),superior,no,3727,no,993,6,si
35,casado (a),superior,no,949,no,245,2,no
36,casado (a),primaria,no,177,no,63,5,no
45,casado (a),secundaria,no,115,no,209,4,no
30,casado (a),secundaria,no,125,no,238,2,no
43,soltero (a),superior,no,1304,no,501,2,si
40,casado (a),superior,no,-117,no,770,2,no
38,casado (a),secundaria,no,593,si,1484,24,si
38,casado (a),secundaria,no,226,no,762,3,si
35,casado (a),secundaria,no,4508,no,854,1,si
40,casado (a),primaria,no,2805,no,173,6,no
34,soltero (a),secundaria,no,0,no,163,2,no
36,divorciado (a),superior,no,0,no,81,4,no
42,casado (a),secundaria,no,179,no,96,1,no
25,soltero (a),superior,no,808,no,267,2,si
25,soltero (a),secundaria,no,304,no,226,2,si
31,casado (a),superior,no,1224,si,1441,2,si
52,soltero (a),superior,no,1623,no,21,17,no
50,casado (a),superior,no,3463,si,96,1,si
47,casado (a),secundaria,no,3676,no,567,1,si
42,divorciado (a),superior,si,2,no,380,1,no
28,soltero (a),superior,no,356,no,76,2,no
39,divorciado (a),superior,no,1315,no,1337,4,no
41,casado (a),primaria,no,4,no,74,5,no
29,soltero (a),superior,no,2325,no,125,1,si
46,casado (a),secundaria,no,1427,no,32,3,no
40,casado (a),superior,no,3571,no,222,3,no
33,casado (a),secundaria,no,181,si,265,2,no
59,casado (a),primaria,no,4198,no,309,1,si
54,divorciado (a),secundaria,no,1327,no,115,2,no
51,casado (a),superior,no,5108,no,272,1,no
46,casado (a),secundaria,no,4,no,268,1,si
75,casado (a),secundaria,no,3771,no,185,1,si
37,casado (a),secundaria,no,480,no,344,2,si
33,soltero (a),secundaria,no,-56,si,119,5,no
56,divorciado (a),superior,no,-59,si,127,6,no
43,casado (a),superior,no,1188,no,140,2,no
29,soltero (a),superior,no,4210,no,119,1,no
63,divorciado (a),secundaria,no,1490,no,506,1,si
43,casado (a),superior,no,192,no,203,2,no
32,soltero (a),superior,no,41,no,686,5,si
58,divorciado (a),secundaria,no,314,no,67,2,no
29,casado (a),primaria,no,200,no,322,2,no
34,casado (a),superior,no,703,no,342,1,si
57,casado (a),secundaria,no,11494,no,198,1,no
48,divorciado (a),secundaria,no,4099,no,397,2,si
27,soltero (a),secundaria,no,489,no,356,4,si
33,soltero (a),secundaria,no,-416,no,767,2,si
55,casado (a),primaria,no,3334,no,632,4,si
54,casado (a),secundaria,no,-630,no,173,1,no
60,casado (a),primaria,no,493,no,671,4,si
42,soltero (a),superior,no,-411,no,78,5,no
34,casado (a),primaria,no,351,si,326,11,no
46,casado (a),secundaria,no,57,no,796,1,si
31,soltero (a),superior,no,462,si,147,1,no
30,soltero (a),secundaria,no,75,no,123,1,no
31,casado (a),secundaria,no,631,no,248,4,no
47,casado (a),secundaria,no,2,no,89,1,no
33,casado (a),superior,no,273,no,803,1,si
44,divorciado (a),secundaria,no,0,no,389,5,no
30,soltero (a),secundaria,no,648,si,287,1,no
33,soltero (a),secundaria,no,5235,no,67,3,no
57,casado (a),secundaria,no,82,si,140,1,no
37,soltero (a),secundaria,no,3561,no,98,1,no
30,casado (a),superior,no,1221,no,279,4,si
45,soltero (a),primaria,no,1893,no,1259,6,si
36,soltero (a),secundaria,no,398,si,77,2,no
23,soltero (a),superior,no,1129,no,806,1,si
51,divorciado (a),primaria,no,602,no,347,1,no
43,casado (a),primaria,no,-98,si,112,2,no
59,divorciado (a),secundaria,no,2921,no,251,1,no
54,casado (a),secundaria,no,2225,si,73,2,no
32,soltero (a),superior,no,569,si,348,1,no
59,casado (a),superior,no,2013,no,222,4,si
45,casado (a),secundaria,no,-839,no,68,1,no
44,soltero (a),superior,no,5063,no,418,2,si
29,soltero (a),superior,no,572,no,314,1,si
37,divorciado (a),primaria,no,260,no,446,2,no
69,casado (a),secundaria,no,745,no,595,1,no
28,soltero (a),secundaria,no,153,no,1124,2,si
34,divorciado (a),secundaria,no,479,no,515,1,si
29,soltero (a),secundaria,no,1070,no,30,1,si
43,casado (a),primaria,no,7343,no,217,4,no
31,casado (a),superior,no,5191,no,187,2,no
34,casado (a),superior,no,3301,no,485,2,si
58,divorciado (a),secundaria,no,-123,no,131,2,no
56,casado (a),secundaria,no,2146,si,594,1,no
34,casado (a),secundaria,no,1671,no,160,1,no
47,divorciado (a),secundaria,no,136,si,70,1,no
31,casado (a),secundaria,no,472,no,907,2,no
39,casado (a),superior,no,278,si,60,3,no
50,divorciado (a),secundaria,no,-54,si,698,2,si
38,casado (a),primaria,no,0,no,29,32,no
46,soltero (a),secundaria,no,324,no,293,6,no
57,casado (a),secundaria,no,16063,no,352,3,no
43,casado (a),secundaria,no,136,no,363,7,si
27,divorciado (a),secundaria,no,76,no,236,1,no
58,casado (a),secundaria,no,225,no,122,6,no
47,casado (a),secundaria,no,1230,no,412,1,si
71,casado (a),secundaria,no,2850,no,185,1,si
26,casado (a),secundaria,no,115,no,46,3,no
34,casado (a),primaria,no,2929,no,518,2,si
58,casado (a),secundaria,no,413,no,104,5,no
28,casado (a),secundaria,no,2788,no,369,2,si
37,casado (a),superior,no,410,no,337,2,no
32,soltero (a),superior,no,4665,no,860,2,si
41,casado (a),superior,no,176,si,42,1,no
53,casado (a),secundaria,no,665,no,371,2,si
49,casado (a),secundaria,no,321,no,135,3,no
49,casado (a),secundaria,no,823,no,780,4,si
37,soltero (a),secundaria,no,1050,no,586,3,no
33,casado (a),secundaria,no,95,no,335,1,si
64,casado (a),superior,no,846,no,671,1,si
25,soltero (a),secundaria,no,505,si,386,2,si
43,casado (a),superior,no,291,no,150,2,no
34,soltero (a),superior,no,6766,no,210,5,no
60,casado (a),secundaria,no,3735,no,190,1,si
53,casado (a),secundaria,no,459,no,317,6,no
33,soltero (a),secundaria,no,706,no,329,1,no
36,soltero (a),secundaria,no,475,no,141,3,no
26,soltero (a),secundaria,no,443,no,84,3,no
41,casado (a),secundaria,no,0,si,107,1,no
37,casado (a),secundaria,no,140,si,490,1,no
33,casado (a),primaria,no,925,no,884,3,no
22,soltero (a),primaria,no,3472,no,332,1,si
32,soltero (a),secundaria,no,133,no,171,1,si
36,casado (a),superior,no,0,no,147,2,no
34,divorciado (a),superior,no,674,no,587,2,si
38,casado (a),superior,no,0,no,206,1,no
33,soltero (a),superior,no,-53,no,617,2,no
31,soltero (a),superior,no,12569,no,344,1,si
48,casado (a),superior,no,0,no,176,15,no
33,casado (a),secundaria,no,6699,no,425,1,no
29,soltero (a),superior,no,437,no,504,1,si
31,casado (a),superior,no,2603,no,280,4,si
27,soltero (a),primaria,no,-179,no,54,2,no
51,casado (a),secundaria,no,95,no,1309,4,si
33,soltero (a),primaria,no,1,no,257,1,no
61,divorciado (a),superior,no,6610,no,481,2,si
33,casado (a),secundaria,no,359,no,210,1,no
33,casado (a),secundaria,no,804,si,266,1,no
59,divorciado (a),primaria,no,133,no,206,1,no
33,casado (a),secundaria,no,137,si,305,12,no
83,casado (a),primaria,no,425,no,883,1,si
36,divorciado (a),secundaria,no,1594,no,250,3,no
46,casado (a),superior,no,2262,no,44,14,no
29,soltero (a),secundaria,no,113,no,328,2,si
44,casado (a),primaria,no,4758,no,712,6,si
26,soltero (a),secundaria,no,856,si,95,5,no
40,casado (a),secundaria,no,-378,si,541,1,no
46,divorciado (a),secundaria,no,435,no,192,3,no
26,casado (a),superior,no,454,si,28,18,no
39,casado (a),superior,no,562,no,303,2,no
36,soltero (a),superior,no,613,no,86,2,no
39,casado (a),secundaria,no,266,no,102,2,no
38,divorciado (a),secundaria,no,70,no,255,3,si
39,casado (a),secundaria,no,-540,no,29,1,no
35,divorciado (a),secundaria,no,69,no,461,3,no
31,soltero (a),secundaria,no,1588,no,14,1,no
29,soltero (a),superior,no,455,no,403,1,si
46,casado (a),secundaria,no,556,si,646,3,si
45,divorciado (a),primaria,no,3854,no,10,3,no
48,casado (a),secundaria,no,10655,no,5,3,no
47,soltero (a),superior,no,0,no,58,3,no
44,casado (a),superior,no,1058,no,188,3,si
41,divorciado (a),primaria,no,664,si,955,5,si
43,casado (a),secundaria,no,104,no,635,3,si
33,soltero (a),superior,no,621,no,217,1,no
39,casado (a),superior,no,2763,no,526,2,si
59,casado (a),secundaria,no,0,no,812,1,si
41,casado (a),superior,no,6563,no,136,8,no
31,soltero (a),secundaria,no,609,no,1126,1,no
50,casado (a),secundaria,no,1011,no,340,2,no
37,soltero (a),secundaria,no,3665,no,664,3,si
55,divorciado (a),superior,no,1983,no,123,1,no
37,casado (a),superior,no,0,no,115,1,no
40,casado (a),superior,no,-17,si,474,1,si
38,soltero (a),superior,no,25,no,232,2,si
36,casado (a),superior,no,605,no,204,1,no
36,casado (a),secundaria,no,1328,no,82,4,no
44,soltero (a),superior,no,2734,no,897,4,si
60,casado (a),secundaria,no,1025,no,388,8,no
32,casado (a),superior,no,62,no,166,1,no
35,casado (a),superior,no,118,no,358,2,no
32,soltero (a),secundaria,no,493,no,289,2,no
39,casado (a),secundaria,no,406,no,253,5,no
50,casado (a),secundaria,no,60,si,151,8,no
42,soltero (a),secundaria,no,-247,si,519,1,si
45,casado (a),secundaria,no,204,no,224,2,si
54,casado (a),superior,no,876,no,269,3,si
52,casado (a),primaria,no,1141,no,22,5,no
35,soltero (a),primaria,no,1147,si,29,1,no
28,soltero (a),secundaria,no,1633,no,275,1,si
36,soltero (a),superior,no,490,no,207,8,si
59,casado (a),secundaria,no,1,no,159,2,si
35,casado (a),primaria,no,0,no,90,6,no
43,casado (a),secundaria,no,3060,no,253,2,no
55,casado (a),secundaria,no,1011,no,112,2,no
26,soltero (a),secundaria,no,236,si,8,2,no
31,divorciado (a),secundaria,no,202,no,146,1,no
30,soltero (a),secundaria,no,20,no,404,6,no
38,casado (a),secundaria,no,0,no,82,4,no
59,casado (a),superior,no,9676,no,234,2,si
48,soltero (a),superior,no,2330,no,15,1,no
36,soltero (a),secundaria,no,1511,no,270,1,si
26,soltero (a),secundaria,no,668,no,576,3,si
26,soltero (a),primaria,no,-887,no,827,2,si
35,casado (a),secundaria,no,978,no,1370,3,si
43,casado (a),secundaria,no,667,no,228,3,no
35,soltero (a),superior,no,44,no,310,2,no
37,casado (a),primaria,no,37,no,24,2,no
64,casado (a),secundaria,no,1574,no,301,3,si
58,casado (a),secundaria,no,590,si,133,1,no
41,casado (a),secundaria,no,2993,no,24,12,no
49,casado (a),primaria,no,902,no,210,2,no
38,casado (a),superior,no,2812,no,830,1,si
49,divorciado (a),primaria,no,15,no,550,7,no
49,casado (a),primaria,no,-384,no,25,1,no
53,casado (a),secundaria,no,225,no,304,1,no
48,divorciado (a),secundaria,si,20,no,145,3,no
59,casado (a),primaria,no,1727,no,500,4,si
28,casado (a),secundaria,no,8,no,196,1,no
42,divorciado (a),secundaria,no,936,no,931,1,si
60,soltero (a),primaria,no,11262,no,323,1,si
36,casado (a),superior,no,16430,no,197,3,no
51,divorciado (a),secundaria,no,9228,no,655,4,si
42,casado (a),primaria,no,-679,si,159,1,no
36,casado (a),superior,no,9269,si,107,2,no
62,casado (a),superior,no,1859,no,245,3,si
37,casado (a),secundaria,no,427,si,371,3,no
28,soltero (a),secundaria,no,2700,no,337,4,no
27,divorciado (a),secundaria,no,451,no,652,1,si
34,casado (a),secundaria,no,1076,no,152,1,si
42,divorciado (a),superior,no,0,no,131,2,no
69,casado (a),primaria,no,579,no,230,1,no
45,casado (a),superior,no,265,no,14,3,no
46,casado (a),primaria,no,222,no,71,2,no
26,soltero (a),superior,no,294,no,87,1,si
53,soltero (a),secundaria,no,2398,no,317,1,si
40,soltero (a),secundaria,no,1670,no,161,2,no
36,divorciado (a),primaria,no,-308,no,725,1,si
37,casado (a),superior,no,393,no,567,3,si
48,casado (a),primaria,si,-583,no,25,7,no
30,soltero (a),secundaria,no,-522,si,670,2,si
32,soltero (a),secundaria,no,0,no,594,4,si
40,casado (a),secundaria,no,1836,no,750,2,si
52,casado (a),superior,no,3163,no,56,6,no
52,casado (a),primaria,no,1054,no,273,1,no
43,casado (a),secundaria,no,699,si,1258,2,si
27,casado (a),secundaria,no,710,si,653,1,si
32,casado (a),superior,no,2349,no,134,5,no
32,casado (a),superior,no,5878,no,159,2,no
31,soltero (a),secundaria,no,-219,no,66,2,no
45,divorciado (a),primaria,no,-311,no,1030,1,si
19,soltero (a),primaria,no,103,no,104,2,si
25,soltero (a),superior,no,343,no,377,1,si
44,soltero (a),secundaria,no,1679,no,718,1,si
38,casado (a),secundaria,no,6728,no,232,1,si
27,soltero (a),superior,no,5291,no,192,2,si
34,soltero (a),superior,no,4348,no,373,8,no
32,soltero (a),secundaria,no,249,no,258,1,no
56,casado (a),secundaria,no,344,no,221,1,no
37,casado (a),superior,no,3913,no,124,1,si
34,divorciado (a),superior,no,262,no,371,1,no
35,casado (a),superior,no,8,no,93,3,si
41,casado (a),superior,no,326,no,788,1,si
39,casado (a),secundaria,no,0,no,53,1,no
44,divorciado (a),secundaria,no,-329,no,171,1,no
28,soltero (a),secundaria,no,517,si,681,1,si
39,casado (a),superior,no,0,no,46,2,no
56,casado (a),secundaria,no,1044,no,353,2,si
36,casado (a),primaria,no,1925,no,904,2,si
42,casado (a),secundaria,no,130,no,285,1,no
29,soltero (a),secundaria,no,908,no,1663,1,si
30,soltero (a),superior,no,4213,no,142,4,no
33,soltero (a),secundaria,no,2085,no,501,2,si
54,divorciado (a),primaria,no,4382,no,193,4,no
38,casado (a),superior,no,950,no,210,2,no
35,soltero (a),secundaria,no,5731,no,164,2,no
30,casado (a),primaria,no,-518,si,244,6,no
55,divorciado (a),superior,no,9756,no,103,2,si
28,soltero (a),secundaria,no,4745,no,360,1,si
84,divorciado (a),primaria,no,639,no,353,3,si
32,divorciado (a),superior,no,883,no,798,1,si
73,casado (a),primaria,no,279,no,399,3,si
32,casado (a),superior,no,273,si,97,3,no
36,soltero (a),superior,no,553,no,106,2,no
77,divorciado (a),superior,no,4659,no,161,1,si
52,casado (a),secundaria,no,2087,no,267,1,si
40,casado (a),secundaria,no,-396,no,127,1,no
41,casado (a),primaria,no,1172,no,153,1,no
31,casado (a),primaria,no,25,no,169,5,no
58,casado (a),primaria,no,0,no,535,2,no
55,divorciado (a),secundaria,no,61,si,113,3,no
62,divorciado (a),superior,no,0,no,227,2,si
39,casado (a),secundaria,no,4722,no,483,1,no
38,casado (a),secundaria,no,0,si,1473,6,no
56,divorciado (a),primaria,si,1238,no,1558,1,si
41,divorciado (a),secundaria,no,6046,si,300,6,si
34,casado (a),primaria,no,1666,no,30,1,no
42,soltero (a),superior,no,10907,no,74,3,no
35,divorciado (a),secundaria,no,275,si,144,5,no
29,soltero (a),secundaria,no,3672,si,1210,1,no
54,casado (a),secundaria,no,0,no,1366,1,no
41,soltero (a),secundaria,no,1020,no,882,1,si
48,casado (a),secundaria,no,1355,no,134,2,no
32,soltero (a),secundaria,no,473,no,624,5,no
46,casado (a),secundaria,no,271,no,134,4,no
51,casado (a),secundaria,no,1415,no,151,3,no
56,casado (a),secundaria,no,16873,no,223,1,no
35,casado (a),superior,no,1145,no,82,2,no
42,casado (a),superior,no,157,si,650,1,no
46,casado (a),secundaria,no,0,si,239,2,no
31,divorciado (a),primaria,no,459,no,623,1,si
56,divorciado (a),primaria,no,694,no,144,1,si
39,soltero (a),superior,no,426,no,1029,1,si
58,soltero (a),superior,no,331,si,82,3,no
40,soltero (a),secundaria,no,100,no,221,1,si
28,soltero (a),secundaria,no,168,no,347,3,si
44,soltero (a),secundaria,no,5045,no,20,6,no
36,casado (a),superior,no,495,no,213,3,si
42,divorciado (a),secundaria,no,257,no,955,2,si
54,divorciado (a),superior,no,1295,no,179,10,no
53,divorciado (a),secundaria,no,-905,no,213,1,no
41,casado (a),secundaria,no,2125,si,285,3,no
31,soltero (a),secundaria,no,747,no,543,2,si
42,casado (a),secundaria,no,0,no,82,12,no
25,soltero (a),superior,no,1420,no,124,2,no
70,divorciado (a),secundaria,no,6850,no,252,3,no
56,casado (a),secundaria,no,1270,no,80,2,no
25,casado (a),superior,no,10,no,857,4,si
35,divorciado (a),superior,no,0,no,171,1,si
35,soltero (a),superior,no,2988,no,179,1,no
38,casado (a),primaria,no,506,si,122,1,no
59,soltero (a),secundaria,no,351,no,1063,5,si
30,soltero (a),secundaria,si,239,no,412,1,si
53,casado (a),superior,no,15,no,921,2,si
32,soltero (a),superior,no,2536,no,958,6,si
50,casado (a),secundaria,no,669,no,88,1,no
38,soltero (a),superior,no,623,no,297,4,si
34,soltero (a),superior,no,5462,no,430,1,si
26,soltero (a),secundaria,no,1347,no,280,6,si
50,casado (a),primaria,no,341,si,670,4,si
38,casado (a),superior,no,170,no,442,1,si
30,casado (a),secundaria,no,11,no,157,1,no
38,soltero (a),superior,no,0,no,260,3,si
30,soltero (a),superior,no,261,no,233,1,no
34,divorciado (a),secundaria,no,-251,no,641,1,si
39,casado (a),secundaria,no,0,no,502,1,no
36,casado (a),secundaria,no,2357,no,228,2,no
69,soltero (a),superior,no,2144,no,417,1,si
34,soltero (a),secundaria,no,79,si,104,1,no
53,casado (a),superior,no,451,no,125,1,no
27,soltero (a),secundaria,no,468,no,109,1,no
42,soltero (a),secundaria,no,382,no,294,1,no
47,casado (a),secundaria,no,1996,no,761,2,si
51,casado (a),primaria,no,377,no,143,4,no
35,casado (a),secundaria,no,2971,no,429,4,si
39,casado (a),primaria,no,2303,no,775,3,si
57,casado (a),primaria,no,5799,no,97,1,no
59,casado (a),primaria,no,2814,no,81,3,no
34,casado (a),superior,no,69,si,120,3,si
38,soltero (a),superior,no,104,no,606,3,si
29,divorciado (a),secundaria,no,84,no,1101,2,si
54,casado (a),secundaria,no,-315,si,2029,1,si
39,casado (a),superior,no,722,no,141,1,no
38,divorciado (a),secundaria,no,595,no,245,3,no
55,casado (a),primaria,no,2587,no,328,2,si
45,divorciado (a),secundaria,no,1269,no,549,2,no
41,casado (a),superior,no,4824,si,168,7,no
45,casado (a),superior,no,1529,no,160,1,no
52,casado (a),primaria,no,592,no,122,2,no
48,casado (a),primaria,no,7195,no,609,2,si
34,soltero (a),superior,no,2646,no,142,1,si
38,soltero (a),secundaria,no,4366,no,188,2,no
25,casado (a),superior,no,-242,si,600,4,si
40,casado (a),secundaria,no,2,no,197,5,no
52,casado (a),superior,no,2557,no,134,5,si
29,divorciado (a),secundaria,no,330,no,88,2,no
35,divorciado (a),secundaria,no,308,no,77,2,no
40,soltero (a),superior,no,1361,no,1473,1,si
36,soltero (a),superior,no,197,no,260,1,si
43,divorciado (a),secundaria,no,738,no,585,4,no
34,casado (a),secundaria,no,0,no,172,1,no
41,soltero (a),primaria,no,0,no,239,1,no
76,divorciado (a),primaria,no,86,no,192,1,no
30,soltero (a),superior,no,329,no,122,16,no
32,casado (a),secundaria,no,0,no,80,2,no
24,casado (a),secundaria,no,556,no,460,2,si
39,casado (a),secundaria,no,5731,no,175,2,no
33,soltero (a),secundaria,no,697,no,860,2,si
38,soltero (a),secundaria,no,-196,no,60,1,no
59,casado (a),superior,no,593,no,64,2,no
34,casado (a),superior,no,1539,no,441,1,si
47,divorciado (a),superior,no,477,no,973,1,no
44,casado (a),secundaria,no,1071,no,143,3,no
52,casado (a),superior,no,0,no,197,1,no
68,casado (a),secundaria,no,19317,no,249,1,si
51,casado (a),primaria,no,42,no,51,2,no
27,soltero (a),secundaria,no,54,no,543,2,si
47,casado (a),superior,no,0,no,508,1,si
32,soltero (a),superior,no,3616,no,165,2,no
39,divorciado (a),secundaria,no,687,no,869,1,si
33,casado (a),superior,no,595,no,22,2,no
56,casado (a),secundaria,no,345,no,605,1,no
35,casado (a),secundaria,no,2,no,653,3,no
59,casado (a),secundaria,no,163,no,464,1,no
58,casado (a),primaria,no,65,no,162,1,no
36,casado (a),superior,no,2987,no,307,1,si
41,divorciado (a),superior,no,5037,no,252,9,si
34,soltero (a),superior,no,925,no,709,1,si
28,casado (a),secundaria,no,-97,no,79,1,no
56,casado (a),secundaria,no,238,no,808,1,no
35,soltero (a),superior,no,145,no,799,2,si
42,casado (a),secundaria,no,3052,no,32,1,no
58,casado (a),primaria,no,23,no,91,6,no
32,soltero (a),superior,no,474,no,90,3,no
57,casado (a),secundaria,no,2887,no,819,10,si
33,casado (a),superior,no,148,no,717,1,no
55,divorciado (a),secundaria,no,138,no,205,1,no
32,casado (a),primaria,no,415,no,777,4,si
28,soltero (a),superior,no,0,no,294,2,si
55,divorciado (a),secundaria,no,1580,si,1007,1,si
33,soltero (a),secundaria,no,238,si,45,5,no
41,casado (a),secundaria,no,1066,no,109,3,si
48,casado (a),secundaria,no,117,no,635,1,no
61,casado (a),secundaria,no,967,no,180,1,no
49,casado (a),superior,no,443,no,27,6,no
35,divorciado (a),primaria,no,1792,no,630,6,si
36,casado (a),secundaria,no,42,no,102,4,no
60,casado (a),superior,no,4256,no,239,3,si
51,soltero (a),superior,si,-55,no,281,2,no
30,casado (a),superior,no,931,no,1183,1,no
28,soltero (a),secundaria,no,-46,no,199,1,si
27,casado (a),secundaria,si,-584,no,411,2,no
33,soltero (a),secundaria,no,894,no,509,2,no
35,casado (a),secundaria,no,0,no,524,1,si
28,soltero (a),secundaria,no,1532,no,253,1,no
34,soltero (a),superior,no,0,no,191,2,no
27,soltero (a),superior,no,703,no,590,3,si
74,divorciado (a),secundaria,no,4079,no,343,3,si
39,divorciado (a),superior,si,3,no,488,1,si
45,casado (a),primaria,no,-322,no,225,2,no
50,casado (a),secundaria,no,181,no,599,2,no
34,casado (a),superior,no,0,no,262,1,si
56,casado (a),secundaria,no,45,no,1467,1,si
54,casado (a),secundaria,no,1480,no,108,1,no
26,soltero (a),secundaria,no,622,no,1451,2,si
29,soltero (a),superior,no,1026,no,226,1,si
33,casado (a),secundaria,no,661,no,968,1,si
56,casado (a),primaria,no,306,si,212,1,no
25,soltero (a),secundaria,no,-350,no,95,3,no
37,casado (a),superior,no,4089,no,289,2,si
47,casado (a),secundaria,no,480,no,211,2,no
51,casado (a),primaria,no,5050,si,75,7,no
28,soltero (a),superior,no,0,no,205,6,no
42,casado (a),superior,no,1205,no,376,2,si
33,casado (a),secundaria,no,0,no,44,8,no
39,divorciado (a),secundaria,no,83,no,69,6,no
61,casado (a),superior,no,6016,no,670,3,si
50,divorciado (a),superior,no,13,no,76,1,si
29,soltero (a),secundaria,no,482,si,1097,3,si
36,casado (a),secundaria,no,480,no,213,1,si
36,soltero (a),superior,no,40,no,359,3,no
37,divorciado (a),secundaria,no,490,no,73,1,no
32,soltero (a),superior,no,5514,no,319,1,si
35,casado (a),primaria,no,0,no,340,3,no
31,casado (a),secundaria,no,92,no,688,1,si
26,soltero (a),superior,no,1216,no,472,2,no
41,casado (a),secundaria,no,1602,no,142,1,no
40,casado (a),primaria,no,33,no,70,3,no
36,casado (a),superior,no,-381,no,30,29,no
35,soltero (a),superior,no,0,no,669,6,no
31,casado (a),secundaria,no,0,si,71,1,no
53,casado (a),primaria,no,732,no,759,2,si
45,divorciado (a),secundaria,no,59,no,873,8,si
30,soltero (a),superior,no,3516,no,447,4,no
37,casado (a),secundaria,no,1978,no,404,1,si
47,casado (a),primaria,no,881,no,143,1,no
47,casado (a),superior,no,286,no,557,7,no
56,casado (a),secundaria,no,2190,si,90,2,no
53,casado (a),primaria,no,980,no,352,1,si
40,casado (a),superior,no,0,no,147,1,si
33,divorciado (a),primaria,no,636,no,211,11,no
31,casado (a),secundaria,no,79,si,235,11,no
30,soltero (a),secundaria,no,334,no,389,2,no
30,soltero (a),superior,no,901,si,601,1,no
51,casado (a),primaria,no,40,no,79,1,no
27,soltero (a),secundaria,no,3792,no,279,2,si
36,casado (a),secundaria,no,1049,no,224,4,si
34,soltero (a),secundaria,no,16,no,990,1,si
37,casado (a),secundaria,no,176,no,147,2,no
34,soltero (a),secundaria,no,1076,no,70,2,no
54,casado (a),secundaria,no,865,no,71,1,no
31,casado (a),secundaria,no,1766,si,166,2,si
41,casado (a),secundaria,no,429,no,244,1,no
55,casado (a),secundaria,no,602,no,324,3,si
35,divorciado (a),secundaria,no,221,no,150,1,no
61,casado (a),secundaria,no,2917,no,215,1,si
49,casado (a),secundaria,no,4667,no,130,2,no
37,soltero (a),primaria,no,6969,no,412,1,no
49,casado (a),secundaria,no,1916,si,281,3,no
58,soltero (a),secundaria,no,2223,no,1139,2,no
31,casado (a),secundaria,no,5,si,101,7,no
45,soltero (a),secundaria,no,0,no,1472,1,si
42,divorciado (a),secundaria,no,47,si,141,1,no
45,divorciado (a),secundaria,no,0,no,264,1,si
49,casado (a),secundaria,no,1623,no,1081,2,si
55,casado (a),secundaria,si,-308,no,781,1,si
33,casado (a),secundaria,no,1844,no,241,3,no
51,soltero (a),superior,si,-55,no,119,6,no
41,casado (a),primaria,no,-306,no,500,1,si
36,casado (a),secundaria,no,300,no,287,1,no
47,casado (a),secundaria,no,1233,no,91,1,si
57,casado (a),secundaria,no,0,no,197,2,no
42,casado (a),secundaria,no,994,no,149,1,si
34,soltero (a),superior,no,318,no,133,2,no
37,casado (a),superior,no,0,no,268,2,si
42,casado (a),superior,no,1932,no,192,32,no
30,soltero (a),secundaria,no,180,no,203,1,no
43,casado (a),superior,no,1574,no,167,3,no
42,casado (a),primaria,no,-97,no,216,4,no
34,casado (a),superior,no,8,no,169,4,no
46,casado (a),primaria,no,-35,no,304,3,no
32,soltero (a),superior,no,1625,no,796,1,si
33,casado (a),superior,no,1465,no,98,4,no
27,casado (a),secundaria,no,872,no,1130,3,no
25,soltero (a),superior,no,2506,no,485,1,si
38,casado (a),superior,no,1199,no,178,1,si
46,soltero (a),secundaria,no,1790,no,214,5,no
39,casado (a),superior,no,763,no,877,7,si
31,casado (a),secundaria,no,660,no,115,1,no
79,casado (a),primaria,no,429,no,1006,2,si
66,soltero (a),secundaria,no,10177,no,272,4,no
26,soltero (a),superior,no,170,no,129,1,si
57,casado (a),secundaria,no,0,no,97,1,no
38,casado (a),primaria,no,1147,si,249,5,no
33,casado (a),superior,no,1064,no,562,1,si
45,casado (a),secundaria,no,784,si,34,1,no
47,casado (a),superior,no,2306,no,239,4,si
28,soltero (a),secundaria,no,16,no,119,4,no
33,casado (a),primaria,no,212,no,260,2,no
35,casado (a),secundaria,no,5304,no,340,1,no
32,soltero (a),superior,no,2343,no,226,1,no
24,casado (a),secundaria,no,4500,no,733,2,si
58,casado (a),superior,no,1831,no,1531,1,no
53,divorciado (a),secundaria,no,0,no,80,2,si
40,casado (a),secundaria,no,-839,si,1018,2,si
34,casado (a),superior,no,297,no,63,4,no
30,soltero (a),secundaria,no,315,no,1407,1,si
26,soltero (a),secundaria,no,203,no,104,1,no
38,casado (a),superior,no,3234,no,578,2,si
37,casado (a),secundaria,no,64,no,239,4,no
32,casado (a),secundaria,no,889,no,185,1,si
37,divorciado (a),superior,no,66,no,1164,2,si
40,divorciado (a),secundaria,no,6,no,140,1,no
26,soltero (a),secundaria,no,1064,no,113,1,no
36,casado (a),superior,no,925,no,321,3,si
38,casado (a),secundaria,no,-762,si,408,2,no
56,casado (a),secundaria,no,205,si,442,2,no
52,soltero (a),superior,no,83,no,1223,6,si
35,soltero (a),superior,no,5958,no,215,1,si
30,soltero (a),superior,no,-477,si,1532,2,si
42,casado (a),superior,no,2187,no,525,3,si
29,soltero (a),superior,no,19,no,110,2,si
